dataset,epsilon,seed,arm,squared_discrepancy,ellipsoid_ratio,max_standardized_coordinate,tube_ratio,slack,inside,num_active_tube_coordinates,kl_to_product_prior
adult,0.1,0,truth,13306.011128687835,0.9741574154821082,4.096432044251653,0.8594203642321793,0.0,True,0,9.734908494973423
adult,0.1,0,initial,17831.831082780598,1.3055009734256928,21.87100498803291,4.588477697149942,3.5884776971499424,False,0,9.175604760148063
adult,0.1,0,wp9_control,12485.986394507592,0.9141219046175382,5.61137399647929,1.177251088704,0.17725108870399997,False,0,10.016244611936614
adult,0.1,0,rce_v1,14309.983739080926,1.0476600868609656,4.771575025488305,1.001063535795935,0.04766008686096557,False,0,5.671479732696732
adult,0.1,1,truth,13374.04428869143,0.9791382475793619,3.852853335357599,0.8083182098559863,0.0,True,0,9.19831936246494
adult,0.1,1,initial,17138.65087869879,1.254751982646945,18.79839072116289,3.943851533734401,2.943851533734401,False,0,9.120670625140153
adult,0.1,1,wp9_control,12603.317273258363,0.9227119128848292,4.321835378240237,0.9067093741078465,0.0,True,0,9.414597398087679
adult,0.1,1,rce_v1,14380.482593289973,1.0528214369415068,4.063229497625315,0.8524545597450561,0.05282143694150676,False,0,7.1188455755456435
adult,0.1,2,truth,13356.134448827004,0.9778270354403301,4.437640395948969,0.9310049536326703,0.0,True,0,9.969174356417481
adult,0.1,2,initial,17673.9426463412,1.2939416721678798,20.930443776567593,4.391150498698185,3.3911504986981846,False,0,9.492787657375844
adult,0.1,2,wp9_control,12586.8171590413,0.921503909339259,5.506373234231218,1.155222212755106,0.15522221275510595,False,0,9.912225217497587
adult,0.1,2,rce_v1,14308.467130275223,1.0475490531559601,4.772398763854152,1.001236353877319,0.04754905315596014,False,0,5.7172736405118965
adult,0.3,0,truth,13306.011058393913,0.9741574103357616,4.096432167019599,0.8594203899885624,0.0,True,0,8.556728711731058
adult,0.3,0,initial,34947.59020633833,2.558577008802762,59.511772403840475,12.485408902896754,11.485408902896754,False,0,8.12026517157688
adult,0.3,0,wp9_control,10741.386959213529,0.7863965885554279,5.304958734547577,1.1129659954396838,0.11296599543968378,False,0,9.335781876625658
adult,0.3,0,rce_v1,11547.53386193812,0.8454160779923452,4.157073901856566,0.8721428619539866,0.0,True,0,7.343471232780636
adult,0.3,1,truth,13374.044302303275,0.9791382485759099,3.8528532599165244,0.8083181940286529,0.0,True,0,8.390695194465945
adult,0.3,1,initial,33829.614685947556,2.476727975836897,56.92474897830149,11.942658384729654,10.942658384729654,False,0,8.141461217979211
adult,0.3,1,wp9_control,10892.208772560854,0.7974385294096623,3.656718538375419,0.7671696598885663,0.0,True,0,9.112373781376466
adult,0.3,1,rce_v1,11672.184986207563,0.8545420148250189,3.7344540416918504,0.7834783582515056,0.0,True,0,7.2951320988356905
adult,0.3,2,truth,13356.134476208721,0.9778270374449957,4.437640458424256,0.9310049667398166,0.0,True,0,8.60873047205544
adult,0.3,2,initial,34481.4163407869,2.5244475673316225,58.157470106962805,12.201279943673237,11.201279943673237,False,0,8.19370304023219
adult,0.3,2,wp9_control,10861.685726148258,0.795203881345839,5.176622546717719,1.0860414103135427,0.08604141031354273,False,0,9.29280425449929
adult,0.3,2,rce_v1,11576.432829651805,0.8475318242836862,4.452440793472325,0.9341100370059325,0.0,True,0,7.370567724917479
br2000,0.1,0,truth,3543.3835074597155,0.9569704100227312,3.706808899784386,0.8252820585112098,0.0,True,0,5.420479344269751
br2000,0.1,0,initial,5238.644577814182,1.4148137899948137,15.831521086378709,3.5247218469477137,2.5247218469477137,False,0,5.096587855282649
br2000,0.1,0,wp9_control,2752.827679292285,0.7434630283253956,3.367611603267074,0.7497633439835935,0.0,True,0,5.939903741211807
br2000,0.1,0,rce_v1,3702.3994523656725,0.9999162423540163,4.271494907925719,0.9510034657406098,0.0,True,0,3.6249390258064023
br2000,0.1,1,truth,3479.2755789796392,0.9396566220925988,3.713096139159615,0.8266818463055694,0.0,True,0,5.24329048389977
br2000,0.1,1,initial,5097.587599043062,1.3767181803812947,12.731136563779476,2.8344538050381836,1.8344538050381836,False,0,4.97812779647368
br2000,0.1,1,wp9_control,2692.362078878441,0.727132933008733,3.689727045432179,0.8214789630983876,0.0,True,0,5.92604432084191
br2000,0.1,1,rce_v1,3702.6754545186395,0.999990782942958,3.7580497776389374,0.836690301638657,0.0,True,0,3.433477151111393
br2000,0.1,2,truth,3624.251711781526,0.9788106873973712,4.437640323355898,0.9879939969941615,0.0,True,0,5.494548174894147
br2000,0.1,2,initial,5262.066358758882,1.4211393687155265,14.40936118993001,3.208092886943452,2.208092886943452,False,0,5.102927297043072
br2000,0.1,2,wp9_control,2778.3997139345565,0.7503693314182476,4.2721145139654295,0.9511414145158886,0.0,True,0,6.10791439778253
br2000,0.1,2,rce_v1,3702.646455494737,0.9999829511043393,4.485845821270995,0.9987264446672107,0.0,True,0,3.4506610436909964
br2000,0.3,0,truth,3543.3834616985823,0.956970397663908,3.7068096805054744,0.825282232330558,0.0,True,0,5.112830538185534
br2000,0.3,0,initial,17278.723972671636,4.666508022624802,45.542602088314204,10.139581893090604,9.139581893090604,False,0,4.874168322732732
br2000,0.3,0,wp9_control,1986.6799240319526,0.5365475956757979,3.265941603593896,0.7271275866819438,0.0,True,0,5.639021751071882
br2000,0.3,0,rce_v1,3557.6945922355467,0.9608354403354155,4.489749053481069,0.9995954583121722,0.0,True,0,4.142148223830004
br2000,0.3,1,truth,3479.2756096343373,0.9396566303715894,3.713096074710096,0.8266818319565611,0.0,True,0,5.098024090544664
br2000,0.3,1,initial,16937.819944668903,4.574439222629157,41.90503758910934,9.329716372899988,8.329716372899988,False,0,4.7900616657084605
br2000,0.3,1,wp9_control,1940.5479549148436,0.524088619866881,3.640104622485501,0.8104310519530005,0.0,True,0,5.6526233030993165
br2000,0.3,1,rce_v1,3080.191405578649,0.8318749653091578,4.490627840617921,0.9997911110358226,0.0,True,0,4.168587304653632
br2000,0.3,2,truth,3624.2517516800935,0.9788106981728768,4.437640416826421,0.9879940178043916,0.0,True,0,5.108135424527536
br2000,0.3,2,initial,17315.241143435116,4.676370305892991,44.10284639158627,9.819035413012285,8.819035413012285,False,0,4.851756436196806
br2000,0.3,2,wp9_control,1966.8796363205765,0.5312000826533343,4.113549211774266,0.9158385158397828,0.0,True,0,5.711709412404134
br2000,0.3,2,rce_v1,2583.622191286442,0.6977652807081377,4.4824437976910625,0.9979690198581482,0.0,True,0,4.325438480876529
